id,pregunta
[0],Only trigger a rule after some point in time
[1],copy few columns from another workbook to the current workbook and current sheet
[2],How do I set up starting page as login page in java swing application for Netbeans
[3],Is there a way to force non-overlapping points in ggplot?
[4],Not Removing Child elements in a div with contenteditable set to true
[5],How to execute multiple API calls using Node JS
[6],How to check if user is already logged in and otherwise redirect to login page
[7],How to place a DialogFragment above/below another DialogFragment?
[8],Prevent Modal Closing if Redux Action Catches Error?
[9],Call private methods in java from C++ Jni
[10],How to keep commit hashs not change when use git filter-repo rewrite the history
[11],Undeletable and unchangeable parts of text using QuillJS
[12],"Why when enter two char[] , the first one will become the same as the last one?"
[13],Weird Syntax Errors In Python3 While Defining Function [closed]
[14],Siri Audio Over Lock Screen
[15],I was working on a small project and I came across this problem in GUI JAVA Swing. I have separated out the main error lines for easy access
[16],"Get values for each row element in a csv from the values of a dictionary composed of numpy arrays, if key matches with row string"
[17],How do I visualize sensor 6dof pose using pcl_visualizer?
[18],Reorder a dictionary based on a list in python
[19],Failed to assign to property 'Microsoft.Toolkit.Uwp.UI.Controls.DataGridTextColumn.Foreground
[20],Any way to conditionally recall “FirestoreConnect()”; Or call multiple times for different Collections? (React-Redux)
[21],Update MS SQL Table using Golang
[22],Save empty strings as NULL in the database. AmberFramework / Granite
[23],Powershell to remove excess CSV rows
[24],Is there a way to measure cache coherence misses
[25],Why shouldn't we use multiple activation functions in the same layer?
[26],Highcharts - css to the highcharts-anchor tag
[27],Having issues handling multiple JSON files
[28],How to prevent trials execution on the head
[29],Provide the path to the ORACLE_HOME directory in linux centos 8
[30],y-axis in bar graph ggplot2 plotting incorrectly
[31],Fitting returns with rugarch package
[32],Fetch all products on shopify store using shopify's API & PHP
[33],hierarchy tree recursive count (maximum recursion depth exceeded)
[34],Spring Reactive Validation Message
[35],Unable to implement custom scrollbar to menu List
[36],Counting matches between two dataframes
[37],Updating values of a dictionary one by one with user's input in python [duplicate]
[38],Import ES Modules from CommonJS dynamically
[39],Create Private Zones using DNSControl
[40],Update an existing trigger into Liquibase
[41],How to import a file from a sibling directory in Python..?
[42],How to use async/await using crypto.randomBytes in nodejs?
[43],Inserting a table view row data from another table view?
[44],How to make my preorder method return a list instead of a bunch of strings
[45],Using a macro in another macro and then undefining(#undef) the first macro c++
[46],how to set mysql datetype length with sequelize-cli
[47],How to handle sideways swipes
[48],C++ Winsock Library Termination When connecting with Putty Client on 127.0.0.1
[49],How do you convert crypto.randomBytes to custom alphabet? [duplicate]
